Date,Product,Predicted_Price_EGP
2026-04-01,apricot jam,118.89
2026-05-01,apricot jam,120.31
2026-06-01,apricot jam,121.76
2026-07-01,apricot jam,123.22
2026-08-01,apricot jam,124.7
2026-09-01,apricot jam,126.19
2026-10-01,apricot jam,127.71
2026-11-01,apricot jam,129.24
2026-12-01,apricot jam,131.42
2027-01-01,apricot jam,138.19
2027-02-01,apricot jam,143.03
2027-03-01,apricot jam,143.37
2027-04-01,apricot jam,150.1
2027-05-01,apricot jam,161.87
2027-06-01,apricot jam,169.31
2027-07-01,apricot jam,185.91
2027-08-01,apricot jam,207.72
2027-09-01,apricot jam,233.22
2027-10-01,apricot jam,268.2
2027-11-01,apricot jam,313.82
2027-12-01,apricot jam,322.04
2028-01-01,apricot jam,308.97
2028-02-01,apricot jam,307.11
2028-03-01,apricot jam,309.26
2028-04-01,apricot jam,317.01
2028-05-01,apricot jam,324.13
2028-06-01,apricot jam,342.83
2028-07-01,apricot jam,347.15
2028-08-01,apricot jam,350.86
2028-09-01,apricot jam,355.22
2028-10-01,apricot jam,361.38
2028-11-01,apricot jam,366.63
2028-12-01,apricot jam,371.6
2026-04-01,black pepper grain,458.11
2026-05-01,black pepper grain,463.61
2026-06-01,black pepper grain,469.17
2026-07-01,black pepper grain,474.8
2026-08-01,black pepper grain,480.5
2026-09-01,black pepper grain,486.27
2026-10-01,black pepper grain,492.1
2026-11-01,black pepper grain,498.01
2026-12-01,black pepper grain,503.98
2027-01-01,black pepper grain,510.03
2027-02-01,black pepper grain,516.15
2027-03-01,black pepper grain,522.35
2027-04-01,black pepper grain,528.61
2027-05-01,black pepper grain,534.96
2027-06-01,black pepper grain,541.38
2027-07-01,black pepper grain,547.87
2027-08-01,black pepper grain,554.45
2027-09-01,black pepper grain,561.1
2027-10-01,black pepper grain,567.83
2027-11-01,black pepper grain,574.65
2027-12-01,black pepper grain,581.54
2028-01-01,black pepper grain,588.52
2028-02-01,black pepper grain,595.59
2028-03-01,black pepper grain,602.73
2028-04-01,black pepper grain,609.97
2028-05-01,black pepper grain,617.28
2028-06-01,black pepper grain,624.69
2028-07-01,black pepper grain,632.19
2028-08-01,black pepper grain,639.77
2028-09-01,black pepper grain,647.45
2028-10-01,black pepper grain,655.22
2028-11-01,black pepper grain,663.08
2028-12-01,black pepper grain,671.04
2026-04-01,broad beans,57.07
2026-05-01,broad beans,57.76
2026-06-01,broad beans,58.45
2026-07-01,broad beans,59.15
2026-08-01,broad beans,59.86
2026-09-01,broad beans,60.58
2026-10-01,broad beans,61.31
2026-11-01,broad beans,62.04
2026-12-01,broad beans,65.98
2027-01-01,broad beans,66.82
2027-02-01,broad beans,66.98
2027-03-01,broad beans,65.97
2027-04-01,broad beans,65.85
2027-05-01,broad beans,66.64
2027-06-01,broad beans,67.44
2027-07-01,broad beans,69.92
2027-08-01,broad beans,75.11
2027-09-01,broad beans,81.91
2027-10-01,broad beans,89.89
2027-11-01,broad beans,98.16
2027-12-01,broad beans,106.95
2028-01-01,broad beans,120.28
2028-02-01,broad beans,127.55
2028-03-01,broad beans,143.71
2028-04-01,broad beans,166.41
2028-05-01,broad beans,201.63
2028-06-01,broad beans,256.21
2028-07-01,broad beans,339.41
2028-08-01,broad beans,349.01
2028-09-01,broad beans,353.9
2028-10-01,broad beans,360.18
2028-11-01,broad beans,366.06
2028-12-01,broad beans,371.35
2026-04-01,buffalo butter,348.41
2026-05-01,buffalo butter,352.59
2026-06-01,buffalo butter,356.82
2026-07-01,buffalo butter,361.1
2026-08-01,buffalo butter,365.43
2026-09-01,buffalo butter,369.82
2026-10-01,buffalo butter,374.26
2026-11-01,buffalo butter,378.75
2026-12-01,buffalo butter,383.29
2027-01-01,buffalo butter,387.89
2027-02-01,buffalo butter,392.55
2027-03-01,buffalo butter,397.26
2027-04-01,buffalo butter,402.03
2027-05-01,buffalo butter,406.85
2027-06-01,buffalo butter,411.73
2027-07-01,buffalo butter,416.67
2027-08-01,buffalo butter,421.67
2027-09-01,buffalo butter,426.73
2027-10-01,buffalo butter,431.85
2027-11-01,buffalo butter,437.04
2027-12-01,buffalo butter,442.28
2028-01-01,buffalo butter,447.59
2028-02-01,buffalo butter,452.96
2028-03-01,buffalo butter,458.39
2028-04-01,buffalo butter,463.9
2028-05-01,buffalo butter,469.46
2028-06-01,buffalo butter,475.1
2028-07-01,buffalo butter,480.8
2028-08-01,buffalo butter,486.57
2028-09-01,buffalo butter,492.41
2028-10-01,buffalo butter,498.31
2028-11-01,buffalo butter,504.29
2028-12-01,buffalo butter,510.35
2026-04-01,catfish,68.05
2026-05-01,catfish,68.87
2026-06-01,catfish,69.7
2026-07-01,catfish,71.76
2026-08-01,catfish,72.75
2026-09-01,catfish,75.68
2026-10-01,catfish,78.92
2026-11-01,catfish,81.26
2026-12-01,catfish,87.73
2027-01-01,catfish,92.1
2027-02-01,catfish,99.55
2027-03-01,catfish,104.81
2027-04-01,catfish,112.87
2027-05-01,catfish,120.51
2027-06-01,catfish,127.27
2027-07-01,catfish,144.45
2027-08-01,catfish,164.87
2027-09-01,catfish,195.78
2027-10-01,catfish,249.03
2027-11-01,catfish,283.06
2027-12-01,catfish,330.3
2028-01-01,catfish,322.32
2028-02-01,catfish,313.47
2028-03-01,catfish,316.88
2028-04-01,catfish,329.8
2028-05-01,catfish,339.03
2028-06-01,catfish,356.68
2028-07-01,catfish,360.91
2028-08-01,catfish,364.67
2028-09-01,catfish,369.28
2028-10-01,catfish,375.68
2028-11-01,catfish,381.02
2028-12-01,catfish,386.89
2026-04-01,citrus,40.98
2026-05-01,citrus,41.47
2026-06-01,citrus,42.11
2026-07-01,citrus,42.47
2026-08-01,citrus,42.98
2026-09-01,citrus,43.5
2026-10-01,citrus,44.02
2026-11-01,citrus,45.91
2026-12-01,citrus,49.02
2027-01-01,citrus,53.99
2027-02-01,citrus,56.08
2027-03-01,citrus,55.89
2027-04-01,citrus,56.53
2027-05-01,citrus,57.23
2027-06-01,citrus,59.37
2027-07-01,citrus,57.77
2027-08-01,citrus,58.65
2027-09-01,citrus,60.23
2027-10-01,citrus,67.23
2027-11-01,citrus,74.37
2027-12-01,citrus,82.73
2028-01-01,citrus,93.94
2028-02-01,citrus,104.69
2028-03-01,citrus,116.27
2028-04-01,citrus,128.79
2028-05-01,citrus,151.76
2028-06-01,citrus,188.19
2028-07-01,citrus,236.06
2028-08-01,citrus,299.94
2028-09-01,citrus,351.46
2028-10-01,citrus,364.16
2028-11-01,citrus,369.38
2028-12-01,citrus,375.07
2026-04-01,coriander,63.31
2026-05-01,coriander,64.07
2026-06-01,coriander,64.84
2026-07-01,coriander,65.61
2026-08-01,coriander,66.4
2026-09-01,coriander,67.2
2026-10-01,coriander,68.01
2026-11-01,coriander,68.82
2026-12-01,coriander,69.71
2027-01-01,coriander,72.36
2027-02-01,coriander,72.89
2027-03-01,coriander,72.18
2027-04-01,coriander,73.05
2027-05-01,coriander,73.93
2027-06-01,coriander,74.81
2027-07-01,coriander,78.75
2027-08-01,coriander,80.9
2027-09-01,coriander,88.09
2027-10-01,coriander,92.46
2027-11-01,coriander,102.98
2027-12-01,coriander,118.16
2028-01-01,coriander,131.68
2028-02-01,coriander,149.84
2028-03-01,coriander,169.99
2028-04-01,coriander,200.4
2028-05-01,coriander,256.03
2028-06-01,coriander,338.27
2028-07-01,coriander,348.34
2028-08-01,coriander,352.03
2028-09-01,coriander,357.36
2028-10-01,coriander,363.84
2028-11-01,coriander,369.78
2028-12-01,coriander,375.22
2026-04-01,corn oil,117.61
2026-05-01,corn oil,119.02
2026-06-01,corn oil,120.45
2026-07-01,corn oil,121.9
2026-08-01,corn oil,129.94
2026-09-01,corn oil,140.92
2026-10-01,corn oil,153.12
2026-11-01,corn oil,169.9
2026-12-01,corn oil,188.68
2027-01-01,corn oil,213.1
2027-02-01,corn oil,239.18
2027-03-01,corn oil,245.34
2027-04-01,corn oil,261.24
2027-05-01,corn oil,295.75
2027-06-01,corn oil,310.18
2027-07-01,corn oil,319.3
2027-08-01,corn oil,322.87
2027-09-01,corn oil,325.92
2027-10-01,corn oil,333.21
2027-11-01,corn oil,338.09
2027-12-01,corn oil,342.97
2028-01-01,corn oil,329.15
2028-02-01,corn oil,320.12
2028-03-01,corn oil,323.3
2028-04-01,corn oil,336.58
2028-05-01,corn oil,345.99
2028-06-01,corn oil,364.16
2028-07-01,corn oil,368.7
2028-08-01,corn oil,372.55
2028-09-01,corn oil,377.5
2028-10-01,corn oil,384.48
2028-11-01,corn oil,390.12
2028-12-01,corn oil,395.75
2026-04-01,cotton seed oil,81.27
2026-05-01,cotton seed oil,87.78
2026-06-01,cotton seed oil,92.27
2026-07-01,cotton seed oil,100.7
2026-08-01,cotton seed oil,107.28
2026-09-01,cotton seed oil,117.39
2026-10-01,cotton seed oil,123.94
2026-11-01,cotton seed oil,137.84
2026-12-01,cotton seed oil,158.45
2027-01-01,cotton seed oil,180.37
2027-02-01,cotton seed oil,210.65
2027-03-01,cotton seed oil,227.47
2027-04-01,cotton seed oil,260.74
2027-05-01,cotton seed oil,295.29
2027-06-01,cotton seed oil,309.75
2027-07-01,cotton seed oil,318.87
2027-08-01,cotton seed oil,322.42
2027-09-01,cotton seed oil,325.43
2027-10-01,cotton seed oil,332.73
2027-11-01,cotton seed oil,337.61
2027-12-01,cotton seed oil,342.54
2028-01-01,cotton seed oil,328.72
2028-02-01,cotton seed oil,319.64
2028-03-01,cotton seed oil,322.82
2028-04-01,cotton seed oil,336.11
2028-05-01,cotton seed oil,345.6
2028-06-01,cotton seed oil,363.63
2028-07-01,cotton seed oil,368.18
2028-08-01,cotton seed oil,372.0
2028-09-01,cotton seed oil,376.94
2028-10-01,cotton seed oil,383.94
2028-11-01,cotton seed oil,389.56
2028-12-01,cotton seed oil,395.26
2026-04-01,crushed beans,50.35
2026-05-01,crushed beans,50.95
2026-06-01,crushed beans,51.56
2026-07-01,crushed beans,52.18
2026-08-01,crushed beans,52.81
2026-09-01,crushed beans,53.62
2026-10-01,crushed beans,55.07
2026-11-01,crushed beans,58.28
2026-12-01,crushed beans,61.43
2027-01-01,crushed beans,66.29
2027-02-01,crushed beans,69.54
2027-03-01,crushed beans,72.57
2027-04-01,crushed beans,75.45
2027-05-01,crushed beans,79.24
2027-06-01,crushed beans,83.18
2027-07-01,crushed beans,88.52
2027-08-01,crushed beans,93.39
2027-09-01,crushed beans,103.58
2027-10-01,crushed beans,117.72
2027-11-01,crushed beans,133.17
2027-12-01,crushed beans,156.8
2028-01-01,crushed beans,189.13
2028-02-01,crushed beans,215.1
2028-03-01,crushed beans,248.2
2028-04-01,crushed beans,281.43
2028-05-01,crushed beans,321.31
2028-06-01,crushed beans,345.28
2028-07-01,crushed beans,349.86
2028-08-01,crushed beans,353.57
2028-09-01,crushed beans,358.68
2028-10-01,crushed beans,365.44
2028-11-01,crushed beans,371.4
2028-12-01,crushed beans,376.95
2026-04-01,crushed lentil,61.81
2026-05-01,crushed lentil,62.55
2026-06-01,crushed lentil,63.3
2026-07-01,crushed lentil,64.06
2026-08-01,crushed lentil,64.94
2026-09-01,crushed lentil,66.67
2026-10-01,crushed lentil,67.79
2026-11-01,crushed lentil,71.14
2026-12-01,crushed lentil,76.51
2027-01-01,crushed lentil,80.41
2027-02-01,crushed lentil,84.91
2027-03-01,crushed lentil,84.82
2027-04-01,crushed lentil,86.08
2027-05-01,crushed lentil,87.13
2027-06-01,crushed lentil,88.01
2027-07-01,crushed lentil,93.24
2027-08-01,crushed lentil,102.65
2027-09-01,crushed lentil,116.4
2027-10-01,crushed lentil,127.82
2027-11-01,crushed lentil,149.84
2027-12-01,crushed lentil,180.41
2028-01-01,crushed lentil,226.96
2028-02-01,crushed lentil,267.75
2028-03-01,crushed lentil,300.39
2028-04-01,crushed lentil,312.83
2028-05-01,crushed lentil,328.14
2028-06-01,crushed lentil,345.67
2028-07-01,crushed lentil,350.45
2028-08-01,crushed lentil,354.18
2028-09-01,crushed lentil,359.19
2028-10-01,crushed lentil,365.94
2028-11-01,crushed lentil,371.93
2028-12-01,crushed lentil,377.49
2026-04-01,cumin,352.02
2026-05-01,cumin,356.24
2026-06-01,cumin,360.51
2026-07-01,cumin,364.84
2026-08-01,cumin,369.22
2026-09-01,cumin,373.65
2026-10-01,cumin,378.13
2026-11-01,cumin,382.67
2026-12-01,cumin,387.26
2027-01-01,cumin,391.91
2027-02-01,cumin,396.61
2027-03-01,cumin,401.37
2027-04-01,cumin,406.19
2027-05-01,cumin,411.06
2027-06-01,cumin,416.0
2027-07-01,cumin,420.99
2027-08-01,cumin,426.04
2027-09-01,cumin,431.15
2027-10-01,cumin,436.33
2027-11-01,cumin,441.56
2027-12-01,cumin,446.86
2028-01-01,cumin,452.22
2028-02-01,cumin,457.65
2028-03-01,cumin,463.14
2028-04-01,cumin,468.7
2028-05-01,cumin,474.32
2028-06-01,cumin,480.01
2028-07-01,cumin,485.78
2028-08-01,cumin,491.6
2028-09-01,cumin,497.5
2028-10-01,cumin,503.47
2028-11-01,cumin,509.52
2028-12-01,cumin,515.63
2026-04-01,domestic chicken,128.07
2026-05-01,domestic chicken,132.76
2026-06-01,domestic chicken,136.9
2026-07-01,domestic chicken,139.06
2026-08-01,domestic chicken,148.78
2026-09-01,domestic chicken,161.72
2026-10-01,domestic chicken,172.69
2026-11-01,domestic chicken,193.85
2026-12-01,domestic chicken,232.09
2027-01-01,domestic chicken,259.85
2027-02-01,domestic chicken,289.74
2027-03-01,domestic chicken,277.32
2027-04-01,domestic chicken,292.95
2027-05-01,domestic chicken,300.64
2027-06-01,domestic chicken,314.48
2027-07-01,domestic chicken,325.99
2027-08-01,domestic chicken,329.71
2027-09-01,domestic chicken,332.33
2027-10-01,domestic chicken,340.07
2027-11-01,domestic chicken,343.36
2027-12-01,domestic chicken,348.7
2028-01-01,domestic chicken,333.21
2028-02-01,domestic chicken,327.51
2028-03-01,domestic chicken,331.13
2028-04-01,domestic chicken,345.07
2028-05-01,domestic chicken,353.48
2028-06-01,domestic chicken,371.15
2028-07-01,domestic chicken,376.39
2028-08-01,domestic chicken,380.42
2028-09-01,domestic chicken,385.01
2028-10-01,domestic chicken,392.41
2028-11-01,domestic chicken,396.2
2028-12-01,domestic chicken,402.36
2026-04-01,domestic duck,147.46
2026-05-01,domestic duck,150.07
2026-06-01,domestic duck,156.21
2026-07-01,domestic duck,165.09
2026-08-01,domestic duck,177.92
2026-09-01,domestic duck,199.41
2026-10-01,domestic duck,225.41
2026-11-01,domestic duck,254.39
2026-12-01,domestic duck,296.0
2027-01-01,domestic duck,286.51
2027-02-01,domestic duck,289.91
2027-03-01,domestic duck,277.38
2027-04-01,domestic duck,293.13
2027-05-01,domestic duck,300.82
2027-06-01,domestic duck,314.66
2027-07-01,domestic duck,326.17
2027-08-01,domestic duck,329.89
2027-09-01,domestic duck,332.48
2027-10-01,domestic duck,340.16
2027-11-01,domestic duck,343.38
2027-12-01,domestic duck,348.72
2028-01-01,domestic duck,333.37
2028-02-01,domestic duck,327.7
2028-03-01,domestic duck,331.21
2028-04-01,domestic duck,345.27
2028-05-01,domestic duck,353.68
2028-06-01,domestic duck,371.36
2028-07-01,domestic duck,376.6
2028-08-01,domestic duck,380.63
2028-09-01,domestic duck,385.18
2028-10-01,domestic duck,392.51
2028-11-01,domestic duck,396.22
2028-12-01,domestic duck,402.38
2026-04-01,dry beans,77.4
2026-05-01,dry beans,78.33
2026-06-01,dry beans,79.27
2026-07-01,dry beans,80.22
2026-08-01,dry beans,81.32
2026-09-01,dry beans,83.31
2026-10-01,dry beans,85.61
2026-11-01,dry beans,87.74
2026-12-01,dry beans,93.33
2027-01-01,dry beans,100.95
2027-02-01,dry beans,106.97
2027-03-01,dry beans,112.08
2027-04-01,dry beans,118.28
2027-05-01,dry beans,125.56
2027-06-01,dry beans,134.86
2027-07-01,dry beans,148.35
2027-08-01,dry beans,170.12
2027-09-01,dry beans,191.32
2027-10-01,dry beans,220.21
2027-11-01,dry beans,279.31
2027-12-01,dry beans,326.08
2028-01-01,dry beans,316.29
2028-02-01,dry beans,306.2
2028-03-01,dry beans,309.89
2028-04-01,dry beans,323.35
2028-05-01,dry beans,332.4
2028-06-01,dry beans,350.07
2028-07-01,dry beans,354.92
2028-08-01,dry beans,358.62
2028-09-01,dry beans,363.64
2028-10-01,dry beans,370.36
2028-11-01,dry beans,376.27
2028-12-01,dry beans,381.87
2026-04-01,eggplant,14.77
2026-05-01,eggplant,14.95
2026-06-01,eggplant,15.13
2026-07-01,eggplant,15.31
2026-08-01,eggplant,15.49
2026-09-01,eggplant,15.8
2026-10-01,eggplant,16.18
2026-11-01,eggplant,16.95
2026-12-01,eggplant,18.71
2027-01-01,eggplant,19.43
2027-02-01,eggplant,21.12
2027-03-01,eggplant,22.26
2027-04-01,eggplant,24.25
2027-05-01,eggplant,26.84
2027-06-01,eggplant,30.94
2027-07-01,eggplant,37.66
2027-08-01,eggplant,45.57
2027-09-01,eggplant,56.08
2027-10-01,eggplant,65.11
2027-11-01,eggplant,76.85
2027-12-01,eggplant,90.34
2028-01-01,eggplant,107.44
2028-02-01,eggplant,125.72
2028-03-01,eggplant,143.57
2028-04-01,eggplant,166.76
2028-05-01,eggplant,199.73
2028-06-01,eggplant,251.77
2028-07-01,eggplant,289.77
2028-08-01,eggplant,334.65
2028-09-01,eggplant,346.2
2028-10-01,eggplant,352.39
2028-11-01,eggplant,357.36
2028-12-01,eggplant,362.52
2026-04-01,farm cheese,98.5
2026-05-01,farm cheese,99.69
2026-06-01,farm cheese,100.88
2026-07-01,farm cheese,102.09
2026-08-01,farm cheese,103.32
2026-09-01,farm cheese,104.56
2026-10-01,farm cheese,105.81
2026-11-01,farm cheese,107.08
2026-12-01,farm cheese,111.51
2027-01-01,farm cheese,115.3
2027-02-01,farm cheese,115.39
2027-03-01,farm cheese,112.32
2027-04-01,farm cheese,114.89
2027-05-01,farm cheese,117.24
2027-06-01,farm cheese,118.9
2027-07-01,farm cheese,126.53
2027-08-01,farm cheese,143.17
2027-09-01,farm cheese,157.37
2027-10-01,farm cheese,178.31
2027-11-01,farm cheese,213.28
2027-12-01,farm cheese,250.55
2028-01-01,farm cheese,271.62
2028-02-01,farm cheese,294.81
2028-03-01,farm cheese,297.55
2028-04-01,farm cheese,303.15
2028-05-01,farm cheese,317.83
2028-06-01,farm cheese,334.43
2028-07-01,farm cheese,339.25
2028-08-01,farm cheese,343.08
2028-09-01,farm cheese,348.22
2028-10-01,farm cheese,354.3
2028-11-01,farm cheese,359.2
2028-12-01,farm cheese,364.3
2026-04-01,farm chicken,86.3
2026-05-01,farm chicken,85.35
2026-06-01,farm chicken,86.17
2026-07-01,farm chicken,86.87
2026-08-01,farm chicken,88.03
2026-09-01,farm chicken,92.93
2026-10-01,farm chicken,101.46
2026-11-01,farm chicken,107.6
2026-12-01,farm chicken,119.16
2027-01-01,farm chicken,131.77
2027-02-01,farm chicken,156.46
2027-03-01,farm chicken,172.43
2027-04-01,farm chicken,203.87
2027-05-01,farm chicken,242.58
2027-06-01,farm chicken,271.75
2027-07-01,farm chicken,316.75
2027-08-01,farm chicken,328.77
2027-09-01,farm chicken,331.32
2027-10-01,farm chicken,338.8
2027-11-01,farm chicken,341.91
2027-12-01,farm chicken,347.33
2028-01-01,farm chicken,332.14
2028-02-01,farm chicken,326.07
2028-03-01,farm chicken,330.0
2028-04-01,farm chicken,344.14
2028-05-01,farm chicken,352.61
2028-06-01,farm chicken,370.08
2028-07-01,farm chicken,375.35
2028-08-01,farm chicken,379.34
2028-09-01,farm chicken,383.8
2028-10-01,farm chicken,390.94
2028-11-01,farm chicken,394.53
2028-12-01,farm chicken,400.78
2026-04-01,fresh milk,34.81
2026-05-01,fresh milk,36.63
2026-06-01,fresh milk,38.1
2026-07-01,fresh milk,39.42
2026-08-01,fresh milk,41.48
2026-09-01,fresh milk,44.07
2026-10-01,fresh milk,47.74
2026-11-01,fresh milk,53.0
2026-12-01,fresh milk,56.69
2027-01-01,fresh milk,59.48
2027-02-01,fresh milk,58.63
2027-03-01,fresh milk,56.14
2027-04-01,fresh milk,58.56
2027-05-01,fresh milk,58.75
2027-06-01,fresh milk,59.34
2027-07-01,fresh milk,60.95
2027-08-01,fresh milk,66.59
2027-09-01,fresh milk,73.14
2027-10-01,fresh milk,82.37
2027-11-01,fresh milk,93.38
2027-12-01,fresh milk,108.79
2028-01-01,fresh milk,128.58
2028-02-01,fresh milk,149.45
2028-03-01,fresh milk,170.25
2028-04-01,fresh milk,196.65
2028-05-01,fresh milk,248.22
2028-06-01,fresh milk,284.7
2028-07-01,fresh milk,330.94
2028-08-01,fresh milk,341.97
2028-09-01,fresh milk,347.0
2028-10-01,fresh milk,353.08
2028-11-01,fresh milk,357.93
2028-12-01,fresh milk,363.17
2026-04-01,frozen macaroni fish,120.8
2026-05-01,frozen macaroni fish,122.25
2026-06-01,frozen macaroni fish,124.32
2026-07-01,frozen macaroni fish,126.14
2026-08-01,frozen macaroni fish,132.66
2026-09-01,frozen macaroni fish,138.27
2026-10-01,frozen macaroni fish,146.96
2026-11-01,frozen macaroni fish,154.76
2026-12-01,frozen macaroni fish,171.82
2027-01-01,frozen macaroni fish,196.01
2027-02-01,frozen macaroni fish,228.99
2027-03-01,frozen macaroni fish,240.6
2027-04-01,frozen macaroni fish,257.99
2027-05-01,frozen macaroni fish,292.07
2027-06-01,frozen macaroni fish,306.37
2027-07-01,frozen macaroni fish,316.51
2027-08-01,frozen macaroni fish,320.09
2027-09-01,frozen macaroni fish,322.58
2027-10-01,frozen macaroni fish,329.19
2027-11-01,frozen macaroni fish,333.72
2027-12-01,frozen macaroni fish,339.2
2028-01-01,frozen macaroni fish,326.7
2028-02-01,frozen macaroni fish,316.7
2028-03-01,frozen macaroni fish,321.14
2028-04-01,frozen macaroni fish,334.75
2028-05-01,frozen macaroni fish,343.85
2028-06-01,frozen macaroni fish,360.68
2028-07-01,frozen macaroni fish,365.45
2028-08-01,frozen macaroni fish,369.27
2028-09-01,frozen macaroni fish,373.61
2028-10-01,frozen macaroni fish,379.85
2028-11-01,frozen macaroni fish,385.08
2028-12-01,frozen macaroni fish,391.4
2026-04-01,garlic,77.48
2026-05-01,garlic,78.41
2026-06-01,garlic,79.35
2026-07-01,garlic,80.3
2026-08-01,garlic,81.26
2026-09-01,garlic,82.24
2026-10-01,garlic,83.23
2026-11-01,garlic,84.22
2026-12-01,garlic,85.23
2027-01-01,garlic,86.26
2027-02-01,garlic,87.29
2027-03-01,garlic,88.34
2027-04-01,garlic,89.4
2027-05-01,garlic,90.47
2027-06-01,garlic,94.82
2027-07-01,garlic,100.08
2027-08-01,garlic,108.03
2027-09-01,garlic,121.33
2027-10-01,garlic,139.35
2027-11-01,garlic,161.16
2027-12-01,garlic,185.99
2028-01-01,garlic,225.29
2028-02-01,garlic,265.46
2028-03-01,garlic,298.62
2028-04-01,garlic,311.42
2028-05-01,garlic,327.7
2028-06-01,garlic,344.91
2028-07-01,garlic,349.75
2028-08-01,garlic,353.35
2028-09-01,garlic,358.24
2028-10-01,garlic,364.55
2028-11-01,garlic,370.23
2028-12-01,garlic,375.99
2026-04-01,green beans,26.21
2026-05-01,green beans,28.03
2026-06-01,green beans,29.32
2026-07-01,green beans,31.78
2026-08-01,green beans,34.45
2026-09-01,green beans,38.61
2026-10-01,green beans,41.55
2026-11-01,green beans,45.69
2026-12-01,green beans,52.23
2027-01-01,green beans,59.17
2027-02-01,green beans,61.07
2027-03-01,green beans,62.88
2027-04-01,green beans,67.89
2027-05-01,green beans,71.7
2027-06-01,green beans,75.93
2027-07-01,green beans,81.61
2027-08-01,green beans,88.69
2027-09-01,green beans,95.52
2027-10-01,green beans,105.09
2027-11-01,green beans,119.79
2027-12-01,green beans,135.33
2028-01-01,green beans,157.24
2028-02-01,green beans,178.95
2028-03-01,green beans,214.13
2028-04-01,green beans,259.88
2028-05-01,green beans,320.45
2028-06-01,green beans,344.85
2028-07-01,green beans,349.69
2028-08-01,green beans,353.29
2028-09-01,green beans,358.18
2028-10-01,green beans,364.47
2028-11-01,green beans,370.1
2028-12-01,green beans,375.86
2026-04-01,green pepper,26.01
2026-05-01,green pepper,27.4
2026-06-01,green pepper,29.09
2026-07-01,green pepper,30.6
2026-08-01,green pepper,34.39
2026-09-01,green pepper,37.5
2026-10-01,green pepper,41.74
2026-11-01,green pepper,47.95
2026-12-01,green pepper,58.84
2027-01-01,green pepper,68.4
2027-02-01,green pepper,79.24
2027-03-01,green pepper,87.91
2027-04-01,green pepper,99.9
2027-05-01,green pepper,114.98
2027-06-01,green pepper,126.07
2027-07-01,green pepper,149.43
2027-08-01,green pepper,172.88
2027-09-01,green pepper,201.19
2027-10-01,green pepper,245.95
2027-11-01,green pepper,279.93
2027-12-01,green pepper,326.36
2028-01-01,green pepper,317.42
2028-02-01,green pepper,307.21
2028-03-01,green pepper,311.01
2028-04-01,green pepper,325.08
2028-05-01,green pepper,334.23
2028-06-01,green pepper,351.43
2028-07-01,green pepper,356.46
2028-08-01,green pepper,360.08
2028-09-01,green pepper,364.41
2028-10-01,green pepper,371.29
2028-11-01,green pepper,376.52
2028-12-01,green pepper,382.37
2026-04-01,guava,31.12
2026-05-01,guava,32.29
2026-06-01,guava,34.06
2026-07-01,guava,35.27
2026-08-01,guava,37.6
2026-09-01,guava,39.54
2026-10-01,guava,43.44
2026-11-01,guava,47.93
2026-12-01,guava,55.93
2027-01-01,guava,63.76
2027-02-01,guava,72.7
2027-03-01,guava,76.05
2027-04-01,guava,82.1
2027-05-01,guava,89.48
2027-06-01,guava,95.14
2027-07-01,guava,103.17
2027-08-01,guava,116.81
2027-09-01,guava,126.68
2027-10-01,guava,147.59
2027-11-01,guava,176.47
2027-12-01,guava,224.04
2028-01-01,guava,279.93
2028-02-01,guava,298.79
2028-03-01,guava,302.67
2028-04-01,guava,323.08
2028-05-01,guava,331.89
2028-06-01,guava,349.77
2028-07-01,guava,353.65
2028-08-01,guava,357.27
2028-09-01,guava,361.4
2028-10-01,guava,367.71
2028-11-01,guava,372.63
2028-12-01,guava,378.4
2026-04-01,imported frozen buffalo meat,280.59
2026-05-01,imported frozen buffalo meat,283.96
2026-06-01,imported frozen buffalo meat,287.37
2026-07-01,imported frozen buffalo meat,290.81
2026-08-01,imported frozen buffalo meat,294.3
2026-09-01,imported frozen buffalo meat,297.84
2026-10-01,imported frozen buffalo meat,301.41
2026-11-01,imported frozen buffalo meat,305.03
2026-12-01,imported frozen buffalo meat,309.26
2027-01-01,imported frozen buffalo meat,312.39
2027-02-01,imported frozen buffalo meat,316.14
2027-03-01,imported frozen buffalo meat,319.93
2027-04-01,imported frozen buffalo meat,323.77
2027-05-01,imported frozen buffalo meat,327.66
2027-06-01,imported frozen buffalo meat,331.59
2027-07-01,imported frozen buffalo meat,335.57
2027-08-01,imported frozen buffalo meat,339.6
2027-09-01,imported frozen buffalo meat,343.67
2027-10-01,imported frozen buffalo meat,348.81
2027-11-01,imported frozen buffalo meat,351.97
2027-12-01,imported frozen buffalo meat,357.35
2028-01-01,imported frozen buffalo meat,360.47
2028-02-01,imported frozen buffalo meat,364.79
2028-03-01,imported frozen buffalo meat,369.17
2028-04-01,imported frozen buffalo meat,373.6
2028-05-01,imported frozen buffalo meat,378.08
2028-06-01,imported frozen buffalo meat,382.62
2028-07-01,imported frozen buffalo meat,387.21
2028-08-01,imported frozen buffalo meat,391.86
2028-09-01,imported frozen buffalo meat,396.56
2028-10-01,imported frozen buffalo meat,402.48
2028-11-01,imported frozen buffalo meat,406.14
2028-12-01,imported frozen buffalo meat,412.34
2026-04-01,lentil,64.11
2026-05-01,lentil,64.88
2026-06-01,lentil,65.66
2026-07-01,lentil,66.44
2026-08-01,lentil,67.24
2026-09-01,lentil,68.68
2026-10-01,lentil,69.32
2026-11-01,lentil,70.62
2026-12-01,lentil,75.83
2027-01-01,lentil,80.95
2027-02-01,lentil,86.62
2027-03-01,lentil,85.4
2027-04-01,lentil,88.55
2027-05-01,lentil,93.08
2027-06-01,lentil,101.4
2027-07-01,lentil,109.91
2027-08-01,lentil,122.94
2027-09-01,lentil,139.87
2027-10-01,lentil,160.58
2027-11-01,lentil,183.88
2027-12-01,lentil,223.78
2028-01-01,lentil,278.73
2028-02-01,lentil,297.54
2028-03-01,lentil,301.4
2028-04-01,lentil,314.4
2028-05-01,lentil,330.74
2028-06-01,lentil,348.21
2028-07-01,lentil,353.06
2028-08-01,lentil,356.63
2028-09-01,lentil,361.12
2028-10-01,lentil,367.4
2028-11-01,lentil,372.25
2028-12-01,lentil,377.8
2026-04-01,mackerel fish,156.3
2026-05-01,mackerel fish,158.2
2026-06-01,mackerel fish,160.07
2026-07-01,mackerel fish,161.99
2026-08-01,mackerel fish,163.94
2026-09-01,mackerel fish,173.73
2026-10-01,mackerel fish,184.65
2026-11-01,mackerel fish,200.83
2026-12-01,mackerel fish,226.31
2027-01-01,mackerel fish,254.21
2027-02-01,mackerel fish,280.55
2027-03-01,mackerel fish,268.31
2027-04-01,mackerel fish,286.93
2027-05-01,mackerel fish,294.21
2027-06-01,mackerel fish,308.16
2027-07-01,mackerel fish,318.5
2027-08-01,mackerel fish,322.01
2027-09-01,mackerel fish,324.44
2027-10-01,mackerel fish,331.1
2027-11-01,mackerel fish,335.45
2027-12-01,mackerel fish,340.76
2028-01-01,mackerel fish,327.55
2028-02-01,mackerel fish,317.99
2028-03-01,mackerel fish,322.95
2028-04-01,mackerel fish,337.02
2028-05-01,mackerel fish,346.11
2028-06-01,mackerel fish,362.95
2028-07-01,mackerel fish,367.73
2028-08-01,mackerel fish,371.52
2028-09-01,mackerel fish,375.88
2028-10-01,mackerel fish,382.06
2028-11-01,mackerel fish,387.08
2028-12-01,mackerel fish,393.2
2026-04-01,medium size cabbage,31.64
2026-05-01,medium size cabbage,32.02
2026-06-01,medium size cabbage,32.41
2026-07-01,medium size cabbage,32.8
2026-08-01,medium size cabbage,33.19
2026-09-01,medium size cabbage,33.59
2026-10-01,medium size cabbage,33.99
2026-11-01,medium size cabbage,34.4
2026-12-01,medium size cabbage,35.79
2027-01-01,medium size cabbage,36.8
2027-02-01,medium size cabbage,36.72
2027-03-01,medium size cabbage,36.08
2027-04-01,medium size cabbage,37.67
2027-05-01,medium size cabbage,38.45
2027-06-01,medium size cabbage,40.11
2027-07-01,medium size cabbage,43.29
2027-08-01,medium size cabbage,46.93
2027-09-01,medium size cabbage,52.01
2027-10-01,medium size cabbage,56.89
2027-11-01,medium size cabbage,63.54
2027-12-01,medium size cabbage,73.19
2028-01-01,medium size cabbage,82.18
2028-02-01,medium size cabbage,91.6
2028-03-01,medium size cabbage,101.23
2028-04-01,medium size cabbage,114.4
2028-05-01,medium size cabbage,129.07
2028-06-01,medium size cabbage,154.27
2028-07-01,medium size cabbage,186.48
2028-08-01,medium size cabbage,233.31
2028-09-01,medium size cabbage,300.08
2028-10-01,medium size cabbage,352.11
2028-11-01,medium size cabbage,364.42
2028-12-01,medium size cabbage,369.81
2026-04-01,medium size cucumber,23.51
2026-05-01,medium size cucumber,23.79
2026-06-01,medium size cucumber,24.08
2026-07-01,medium size cucumber,24.76
2026-08-01,medium size cucumber,25.07
2026-09-01,medium size cucumber,26.76
2026-10-01,medium size cucumber,26.91
2026-11-01,medium size cucumber,27.13
2026-12-01,medium size cucumber,28.18
2027-01-01,medium size cucumber,28.3
2027-02-01,medium size cucumber,28.73
2027-03-01,medium size cucumber,28.64
2027-04-01,medium size cucumber,29.55
2027-05-01,medium size cucumber,31.26
2027-06-01,medium size cucumber,33.51
2027-07-01,medium size cucumber,36.76
2027-08-01,medium size cucumber,39.79
2027-09-01,medium size cucumber,44.89
2027-10-01,medium size cucumber,50.1
2027-11-01,medium size cucumber,57.78
2027-12-01,medium size cucumber,65.3
2028-01-01,medium size cucumber,74.74
2028-02-01,medium size cucumber,83.66
2028-03-01,medium size cucumber,92.62
2028-04-01,medium size cucumber,107.33
2028-05-01,medium size cucumber,126.01
2028-06-01,medium size cucumber,154.27
2028-07-01,medium size cucumber,186.48
2028-08-01,medium size cucumber,233.31
2028-09-01,medium size cucumber,300.08
2028-10-01,medium size cucumber,352.11
2028-11-01,medium size cucumber,364.42
2028-12-01,medium size cucumber,369.81
2026-04-01,medium size farm egg,5.08
2026-05-01,medium size farm egg,5.14
2026-06-01,medium size farm egg,5.2
2026-07-01,medium size farm egg,5.27
2026-08-01,medium size farm egg,5.33
2026-09-01,medium size farm egg,5.39
2026-10-01,medium size farm egg,5.46
2026-11-01,medium size farm egg,5.52
2026-12-01,medium size farm egg,5.59
2027-01-01,medium size farm egg,5.66
2027-02-01,medium size farm egg,5.73
2027-03-01,medium size farm egg,5.79
2027-04-01,medium size farm egg,5.86
2027-05-01,medium size farm egg,5.93
2027-06-01,medium size farm egg,6.0
2027-07-01,medium size farm egg,6.08
2027-08-01,medium size farm egg,6.15
2027-09-01,medium size farm egg,6.22
2027-10-01,medium size farm egg,6.3
2027-11-01,medium size farm egg,6.37
2027-12-01,medium size farm egg,6.45
2028-01-01,medium size farm egg,6.53
2028-02-01,medium size farm egg,6.61
2028-03-01,medium size farm egg,6.69
2028-04-01,medium size farm egg,6.77
2028-05-01,medium size farm egg,6.85
2028-06-01,medium size farm egg,6.93
2028-07-01,medium size farm egg,7.01
2028-08-01,medium size farm egg,7.1
2028-09-01,medium size farm egg,7.18
2028-10-01,medium size farm egg,7.27
2028-11-01,medium size farm egg,7.35
2028-12-01,medium size farm egg,7.44
2026-04-01,medium size pidgeon,90.66
2026-05-01,medium size pidgeon,91.75
2026-06-01,medium size pidgeon,92.85
2026-07-01,medium size pidgeon,93.96
2026-08-01,medium size pidgeon,95.09
2026-09-01,medium size pidgeon,96.23
2026-10-01,medium size pidgeon,97.38
2026-11-01,medium size pidgeon,99.97
2026-12-01,medium size pidgeon,103.55
2027-01-01,medium size pidgeon,114.37
2027-02-01,medium size pidgeon,123.92
2027-03-01,medium size pidgeon,130.34
2027-04-01,medium size pidgeon,146.0
2027-05-01,medium size pidgeon,162.01
2027-06-01,medium size pidgeon,176.71
2027-07-01,medium size pidgeon,213.69
2027-08-01,medium size pidgeon,247.95
2027-09-01,medium size pidgeon,272.18
2027-10-01,medium size pidgeon,320.51
2027-11-01,medium size pidgeon,333.79
2027-12-01,medium size pidgeon,338.93
2028-01-01,medium size pidgeon,324.76
2028-02-01,medium size pidgeon,314.49
2028-03-01,medium size pidgeon,319.65
2028-04-01,medium size pidgeon,334.22
2028-05-01,medium size pidgeon,343.26
2028-06-01,medium size pidgeon,360.12
2028-07-01,medium size pidgeon,365.39
2028-08-01,medium size pidgeon,369.22
2028-09-01,medium size pidgeon,373.54
2028-10-01,medium size pidgeon,380.3
2028-11-01,medium size pidgeon,385.16
2028-12-01,medium size pidgeon,391.1
2026-04-01,middle age buffalo & cattle (net meat),419.47
2026-05-01,middle age buffalo & cattle (net meat),424.5
2026-06-01,middle age buffalo & cattle (net meat),429.6
2026-07-01,middle age buffalo & cattle (net meat),434.75
2026-08-01,middle age buffalo & cattle (net meat),439.97
2026-09-01,middle age buffalo & cattle (net meat),445.25
2026-10-01,middle age buffalo & cattle (net meat),450.59
2026-11-01,middle age buffalo & cattle (net meat),456.0
2026-12-01,middle age buffalo & cattle (net meat),461.47
2027-01-01,middle age buffalo & cattle (net meat),467.01
2027-02-01,middle age buffalo & cattle (net meat),472.61
2027-03-01,middle age buffalo & cattle (net meat),478.28
2027-04-01,middle age buffalo & cattle (net meat),484.02
2027-05-01,middle age buffalo & cattle (net meat),489.83
2027-06-01,middle age buffalo & cattle (net meat),495.71
2027-07-01,middle age buffalo & cattle (net meat),501.66
2027-08-01,middle age buffalo & cattle (net meat),507.68
2027-09-01,middle age buffalo & cattle (net meat),513.77
2027-10-01,middle age buffalo & cattle (net meat),519.93
2027-11-01,middle age buffalo & cattle (net meat),526.17
2027-12-01,middle age buffalo & cattle (net meat),532.49
2028-01-01,middle age buffalo & cattle (net meat),538.88
2028-02-01,middle age buffalo & cattle (net meat),545.34
2028-03-01,middle age buffalo & cattle (net meat),551.89
2028-04-01,middle age buffalo & cattle (net meat),558.51
2028-05-01,middle age buffalo & cattle (net meat),565.21
2028-06-01,middle age buffalo & cattle (net meat),572.0
2028-07-01,middle age buffalo & cattle (net meat),578.86
2028-08-01,middle age buffalo & cattle (net meat),585.81
2028-09-01,middle age buffalo & cattle (net meat),592.84
2028-10-01,middle age buffalo & cattle (net meat),599.95
2028-11-01,middle age buffalo & cattle (net meat),607.15
2028-12-01,middle age buffalo & cattle (net meat),614.43
2026-04-01,mullet fish,185.76
2026-05-01,mullet fish,188.32
2026-06-01,mullet fish,188.28
2026-07-01,mullet fish,191.11
2026-08-01,mullet fish,193.14
2026-09-01,mullet fish,215.84
2026-10-01,mullet fish,226.79
2026-11-01,mullet fish,249.84
2026-12-01,mullet fish,253.89
2027-01-01,mullet fish,281.06
2027-02-01,mullet fish,281.48
2027-03-01,mullet fish,269.11
2027-04-01,mullet fish,287.89
2027-05-01,mullet fish,295.42
2027-06-01,mullet fish,309.38
2027-07-01,mullet fish,319.84
2027-08-01,mullet fish,323.4
2027-09-01,mullet fish,325.82
2027-10-01,mullet fish,332.51
2027-11-01,mullet fish,336.77
2027-12-01,mullet fish,342.04
2028-01-01,mullet fish,328.51
2028-02-01,mullet fish,318.87
2028-03-01,mullet fish,324.0
2028-04-01,mullet fish,338.12
2028-05-01,mullet fish,347.48
2028-06-01,mullet fish,364.36
2028-07-01,mullet fish,369.29
2028-08-01,mullet fish,373.12
2028-09-01,mullet fish,377.47
2028-10-01,mullet fish,383.68
2028-11-01,mullet fish,388.6
2028-12-01,mullet fish,394.68
2026-04-01,navel oranges,21.43
2026-05-01,navel oranges,21.68
2026-06-01,navel oranges,22.3
2026-07-01,navel oranges,22.21
2026-08-01,navel oranges,22.47
2026-09-01,navel oranges,22.74
2026-10-01,navel oranges,23.02
2026-11-01,navel oranges,23.29
2026-12-01,navel oranges,25.16
2027-01-01,navel oranges,26.55
2027-02-01,navel oranges,28.61
2027-03-01,navel oranges,28.32
2027-04-01,navel oranges,29.69
2027-05-01,navel oranges,31.17
2027-06-01,navel oranges,34.98
2027-07-01,navel oranges,38.51
2027-08-01,navel oranges,42.65
2027-09-01,navel oranges,46.99
2027-10-01,navel oranges,55.22
2027-11-01,navel oranges,65.53
2027-12-01,navel oranges,78.83
2028-01-01,navel oranges,90.97
2028-02-01,navel oranges,105.78
2028-03-01,navel oranges,122.19
2028-04-01,navel oranges,148.14
2028-05-01,navel oranges,184.13
2028-06-01,navel oranges,232.67
2028-07-01,navel oranges,296.44
2028-08-01,navel oranges,345.52
2028-09-01,navel oranges,357.9
2028-10-01,navel oranges,364.27
2028-11-01,navel oranges,368.87
2028-12-01,navel oranges,374.52
2026-04-01,nesto cheese,8.18
2026-05-01,nesto cheese,9.91
2026-06-01,nesto cheese,12.47
2026-07-01,nesto cheese,15.29
2026-08-01,nesto cheese,17.8
2026-09-01,nesto cheese,21.09
2026-10-01,nesto cheese,23.74
2026-11-01,nesto cheese,28.35
2026-12-01,nesto cheese,33.13
2027-01-01,nesto cheese,39.17
2027-02-01,nesto cheese,45.09
2027-03-01,nesto cheese,50.59
2027-04-01,nesto cheese,57.1
2027-05-01,nesto cheese,61.27
2027-06-01,nesto cheese,66.61
2027-07-01,nesto cheese,73.17
2027-08-01,nesto cheese,82.12
2027-09-01,nesto cheese,94.1
2027-10-01,nesto cheese,108.55
2027-11-01,nesto cheese,127.55
2027-12-01,nesto cheese,153.02
2028-01-01,nesto cheese,180.5
2028-02-01,nesto cheese,213.82
2028-03-01,nesto cheese,247.43
2028-04-01,nesto cheese,273.98
2028-05-01,nesto cheese,311.12
2028-06-01,nesto cheese,335.69
2028-07-01,nesto cheese,340.13
2028-08-01,nesto cheese,343.9
2028-09-01,nesto cheese,349.58
2028-10-01,nesto cheese,355.69
2028-11-01,nesto cheese,360.54
2028-12-01,nesto cheese,365.96
2026-04-01,normal wheat,27.96
2026-05-01,normal wheat,28.3
2026-06-01,normal wheat,28.64
2026-07-01,normal wheat,28.98
2026-08-01,normal wheat,29.33
2026-09-01,normal wheat,30.31
2026-10-01,normal wheat,32.21
2026-11-01,normal wheat,34.25
2026-12-01,normal wheat,38.23
2027-01-01,normal wheat,41.94
2027-02-01,normal wheat,47.25
2027-03-01,normal wheat,54.48
2027-04-01,normal wheat,63.46
2027-05-01,normal wheat,74.75
2027-06-01,normal wheat,88.06
2027-07-01,normal wheat,102.46
2027-08-01,normal wheat,123.32
2027-09-01,normal wheat,145.57
2027-10-01,normal wheat,168.65
2027-11-01,normal wheat,199.52
2027-12-01,normal wheat,251.53
2028-01-01,normal wheat,279.99
2028-02-01,normal wheat,298.67
2028-03-01,normal wheat,302.33
2028-04-01,normal wheat,315.86
2028-05-01,normal wheat,331.65
2028-06-01,normal wheat,349.32
2028-07-01,normal wheat,354.02
2028-08-01,normal wheat,357.59
2028-09-01,normal wheat,362.2
2028-10-01,normal wheat,368.96
2028-11-01,normal wheat,373.95
2028-12-01,normal wheat,379.51
2026-04-01,old roumi cheese,294.82
2026-05-01,old roumi cheese,298.36
2026-06-01,old roumi cheese,301.94
2026-07-01,old roumi cheese,305.56
2026-08-01,old roumi cheese,309.23
2026-09-01,old roumi cheese,312.94
2026-10-01,old roumi cheese,316.7
2026-11-01,old roumi cheese,320.5
2026-12-01,old roumi cheese,324.34
2027-01-01,old roumi cheese,328.24
2027-02-01,old roumi cheese,332.17
2027-03-01,old roumi cheese,336.16
2027-04-01,old roumi cheese,340.19
2027-05-01,old roumi cheese,344.28
2027-06-01,old roumi cheese,348.41
2027-07-01,old roumi cheese,352.59
2027-08-01,old roumi cheese,356.82
2027-09-01,old roumi cheese,361.1
2027-10-01,old roumi cheese,365.44
2027-11-01,old roumi cheese,369.82
2027-12-01,old roumi cheese,374.26
2028-01-01,old roumi cheese,378.75
2028-02-01,old roumi cheese,383.29
2028-03-01,old roumi cheese,387.89
2028-04-01,old roumi cheese,392.55
2028-05-01,old roumi cheese,397.26
2028-06-01,old roumi cheese,402.03
2028-07-01,old roumi cheese,406.85
2028-08-01,old roumi cheese,411.73
2028-09-01,old roumi cheese,416.67
2028-10-01,old roumi cheese,421.67
2028-11-01,old roumi cheese,426.73
2028-12-01,old roumi cheese,431.85
2026-04-01,onion,15.63
2026-05-01,onion,15.82
2026-06-01,onion,16.1
2026-07-01,onion,17.56
2026-08-01,onion,19.66
2026-09-01,onion,21.09
2026-10-01,onion,21.83
2026-11-01,onion,23.31
2026-12-01,onion,26.79
2027-01-01,onion,27.98
2027-02-01,onion,28.84
2027-03-01,onion,28.85
2027-04-01,onion,30.07
2027-05-01,onion,32.32
2027-06-01,onion,34.13
2027-07-01,onion,36.84
2027-08-01,onion,39.52
2027-09-01,onion,44.67
2027-10-01,onion,48.41
2027-11-01,onion,56.02
2027-12-01,onion,63.45
2028-01-01,onion,70.61
2028-02-01,onion,76.52
2028-03-01,onion,82.06
2028-04-01,onion,91.78
2028-05-01,onion,101.1
2028-06-01,onion,113.39
2028-07-01,onion,129.14
2028-08-01,onion,153.61
2028-09-01,onion,188.31
2028-10-01,onion,237.64
2028-11-01,onion,304.67
2028-12-01,onion,368.32
2026-04-01,pack of tea,12.0
2026-05-01,pack of tea,13.28
2026-06-01,pack of tea,13.92
2026-07-01,pack of tea,15.8
2026-08-01,pack of tea,17.15
2026-09-01,pack of tea,19.61
2026-10-01,pack of tea,21.02
2026-11-01,pack of tea,22.27
2026-12-01,pack of tea,25.03
2027-01-01,pack of tea,28.03
2027-02-01,pack of tea,30.67
2027-03-01,pack of tea,34.55
2027-04-01,pack of tea,39.75
2027-05-01,pack of tea,47.62
2027-06-01,pack of tea,57.29
2027-07-01,pack of tea,67.72
2027-08-01,pack of tea,81.66
2027-09-01,pack of tea,98.78
2027-10-01,pack of tea,117.62
2027-11-01,pack of tea,137.9
2027-12-01,pack of tea,167.58
2028-01-01,pack of tea,201.33
2028-02-01,pack of tea,237.24
2028-03-01,pack of tea,267.1
2028-04-01,pack of tea,313.91
2028-05-01,pack of tea,330.37
2028-06-01,pack of tea,348.37
2028-07-01,pack of tea,352.99
2028-08-01,pack of tea,356.55
2028-09-01,pack of tea,360.89
2028-10-01,pack of tea,367.49
2028-11-01,pack of tea,372.46
2028-12-01,pack of tea,377.96
2026-04-01,packed honey,91.77
2026-05-01,packed honey,92.88
2026-06-01,packed honey,93.99
2026-07-01,packed honey,95.99
2026-08-01,packed honey,98.48
2026-09-01,packed honey,102.47
2026-10-01,packed honey,109.85
2026-11-01,packed honey,115.99
2026-12-01,packed honey,119.35
2027-01-01,packed honey,125.44
2027-02-01,packed honey,133.18
2027-03-01,packed honey,137.8
2027-04-01,packed honey,150.08
2027-05-01,packed honey,164.91
2027-06-01,packed honey,182.46
2027-07-01,packed honey,208.31
2027-08-01,packed honey,234.55
2027-09-01,packed honey,266.93
2027-10-01,packed honey,314.86
2027-11-01,packed honey,325.42
2027-12-01,packed honey,330.21
2028-01-01,packed honey,314.98
2028-02-01,packed honey,305.33
2028-03-01,packed honey,309.38
2028-04-01,packed honey,323.65
2028-05-01,packed honey,333.2
2028-06-01,packed honey,351.22
2028-07-01,packed honey,355.88
2028-08-01,packed honey,359.48
2028-09-01,packed honey,363.85
2028-10-01,packed honey,370.49
2028-11-01,packed honey,375.5
2028-12-01,packed honey,381.03
2026-04-01,packed sugar,42.68
2026-05-01,packed sugar,44.05
2026-06-01,packed sugar,47.23
2026-07-01,packed sugar,52.68
2026-08-01,packed sugar,57.85
2026-09-01,packed sugar,62.55
2026-10-01,packed sugar,71.06
2026-11-01,packed sugar,80.1
2026-12-01,packed sugar,89.28
2027-01-01,packed sugar,96.81
2027-02-01,packed sugar,105.11
2027-03-01,packed sugar,110.43
2027-04-01,packed sugar,120.51
2027-05-01,packed sugar,128.86
2027-06-01,packed sugar,143.58
2027-07-01,packed sugar,159.42
2027-08-01,packed sugar,176.92
2027-09-01,packed sugar,212.57
2027-10-01,packed sugar,250.55
2027-11-01,packed sugar,276.19
2027-12-01,packed sugar,324.12
2028-01-01,packed sugar,314.8
2028-02-01,packed sugar,305.15
2028-03-01,packed sugar,309.16
2028-04-01,packed sugar,323.5
2028-05-01,packed sugar,333.05
2028-06-01,packed sugar,351.06
2028-07-01,packed sugar,355.71
2028-08-01,packed sugar,359.39
2028-09-01,packed sugar,363.72
2028-10-01,packed sugar,370.36
2028-11-01,packed sugar,375.29
2028-12-01,packed sugar,380.77
2026-04-01,packed white rice,38.78
2026-05-01,packed white rice,40.48
2026-06-01,packed white rice,43.42
2026-07-01,packed white rice,47.9
2026-08-01,packed white rice,53.81
2026-09-01,packed white rice,59.5
2026-10-01,packed white rice,63.65
2026-11-01,packed white rice,74.19
2026-12-01,packed white rice,83.42
2027-01-01,packed white rice,94.68
2027-02-01,packed white rice,103.67
2027-03-01,packed white rice,110.41
2027-04-01,packed white rice,120.44
2027-05-01,packed white rice,128.8
2027-06-01,packed white rice,143.51
2027-07-01,packed white rice,159.36
2027-08-01,packed white rice,176.86
2027-09-01,packed white rice,212.52
2027-10-01,packed white rice,250.48
2027-11-01,packed white rice,276.12
2027-12-01,packed white rice,324.04
2028-01-01,packed white rice,314.78
2028-02-01,packed white rice,305.14
2028-03-01,packed white rice,309.11
2028-04-01,packed white rice,323.44
2028-05-01,packed white rice,332.99
2028-06-01,packed white rice,351.0
2028-07-01,packed white rice,355.64
2028-08-01,packed white rice,359.33
2028-09-01,packed white rice,363.65
2028-10-01,packed white rice,370.29
2028-11-01,packed white rice,375.21
2028-12-01,packed white rice,380.69
2026-04-01,potato,15.2
2026-05-01,potato,15.38
2026-06-01,potato,15.56
2026-07-01,potato,16.06
2026-08-01,potato,17.79
2026-09-01,potato,19.82
2026-10-01,potato,19.96
2026-11-01,potato,19.66
2026-12-01,potato,20.41
2027-01-01,potato,19.83
2027-02-01,potato,19.93
2027-03-01,potato,19.74
2027-04-01,potato,20.5
2027-05-01,potato,20.96
2027-06-01,potato,22.07
2027-07-01,potato,25.36
2027-08-01,potato,29.77
2027-09-01,potato,32.85
2027-10-01,potato,35.63
2027-11-01,potato,40.04
2027-12-01,potato,45.71
2028-01-01,potato,50.75
2028-02-01,potato,56.12
2028-03-01,potato,60.34
2028-04-01,potato,67.46
2028-05-01,potato,75.02
2028-06-01,potato,85.76
2028-07-01,potato,94.84
2028-08-01,potato,107.27
2028-09-01,potato,128.43
2028-10-01,potato,157.41
2028-11-01,potato,199.44
2028-12-01,potato,273.85
2026-04-01,sheep meat with bones,425.57
2026-05-01,sheep meat with bones,430.68
2026-06-01,sheep meat with bones,435.85
2026-07-01,sheep meat with bones,441.08
2026-08-01,sheep meat with bones,446.37
2026-09-01,sheep meat with bones,451.73
2026-10-01,sheep meat with bones,457.15
2026-11-01,sheep meat with bones,462.63
2026-12-01,sheep meat with bones,468.18
2027-01-01,sheep meat with bones,473.8
2027-02-01,sheep meat with bones,479.49
2027-03-01,sheep meat with bones,485.24
2027-04-01,sheep meat with bones,491.06
2027-05-01,sheep meat with bones,496.96
2027-06-01,sheep meat with bones,502.92
2027-07-01,sheep meat with bones,508.96
2027-08-01,sheep meat with bones,515.06
2027-09-01,sheep meat with bones,521.24
2027-10-01,sheep meat with bones,527.5
2027-11-01,sheep meat with bones,533.83
2027-12-01,sheep meat with bones,540.24
2028-01-01,sheep meat with bones,546.72
2028-02-01,sheep meat with bones,553.28
2028-03-01,sheep meat with bones,559.92
2028-04-01,sheep meat with bones,566.64
2028-05-01,sheep meat with bones,573.44
2028-06-01,sheep meat with bones,580.32
2028-07-01,sheep meat with bones,587.28
2028-08-01,sheep meat with bones,594.33
2028-09-01,sheep meat with bones,601.46
2028-10-01,sheep meat with bones,608.68
2028-11-01,sheep meat with bones,615.98
2028-12-01,sheep meat with bones,623.37
2026-04-01,small size banana,32.52
2026-05-01,small size banana,32.92
2026-06-01,small size banana,33.31
2026-07-01,small size banana,33.71
2026-08-01,small size banana,34.11
2026-09-01,small size banana,34.52
2026-10-01,small size banana,34.94
2026-11-01,small size banana,35.36
2026-12-01,small size banana,35.78
2027-01-01,small size banana,36.21
2027-02-01,small size banana,36.65
2027-03-01,small size banana,37.09
2027-04-01,small size banana,37.53
2027-05-01,small size banana,37.98
2027-06-01,small size banana,38.81
2027-07-01,small size banana,39.76
2027-08-01,small size banana,43.03
2027-09-01,small size banana,46.96
2027-10-01,small size banana,51.68
2027-11-01,small size banana,57.01
2027-12-01,small size banana,64.17
2028-01-01,small size banana,72.67
2028-02-01,small size banana,79.4
2028-03-01,small size banana,85.99
2028-04-01,small size banana,92.36
2028-05-01,small size banana,104.87
2028-06-01,small size banana,118.75
2028-07-01,small size banana,133.4
2028-08-01,small size banana,156.48
2028-09-01,small size banana,188.82
2028-10-01,small size banana,231.25
2028-11-01,small size banana,298.43
2028-12-01,small size banana,356.7
2026-04-01,small size squash,24.95
2026-05-01,small size squash,25.25
2026-06-01,small size squash,25.55
2026-07-01,small size squash,25.86
2026-08-01,small size squash,26.17
2026-09-01,small size squash,26.63
2026-10-01,small size squash,26.8
2026-11-01,small size squash,27.12
2026-12-01,small size squash,27.44
2027-01-01,small size squash,27.77
2027-02-01,small size squash,28.11
2027-03-01,small size squash,28.44
2027-04-01,small size squash,28.79
2027-05-01,small size squash,29.13
2027-06-01,small size squash,29.81
2027-07-01,small size squash,30.83
2027-08-01,small size squash,33.36
2027-09-01,small size squash,36.42
2027-10-01,small size squash,38.8
2027-11-01,small size squash,41.31
2027-12-01,small size squash,45.79
2028-01-01,small size squash,50.0
2028-02-01,small size squash,55.3
2028-03-01,small size squash,58.07
2028-04-01,small size squash,61.24
2028-05-01,small size squash,67.48
2028-06-01,small size squash,75.51
2028-07-01,small size squash,85.29
2028-08-01,small size squash,94.44
2028-09-01,small size squash,108.94
2028-10-01,small size squash,128.67
2028-11-01,small size squash,155.51
2028-12-01,small size squash,196.25
2026-04-01,stored full creme white cheese,171.89
2026-05-01,stored full creme white cheese,173.95
2026-06-01,stored full creme white cheese,176.04
2026-07-01,stored full creme white cheese,178.15
2026-08-01,stored full creme white cheese,189.48
2026-09-01,stored full creme white cheese,192.66
2026-10-01,stored full creme white cheese,217.5
2026-11-01,stored full creme white cheese,228.92
2026-12-01,stored full creme white cheese,252.58
2027-01-01,stored full creme white cheese,279.87
2027-02-01,stored full creme white cheese,279.61
2027-03-01,stored full creme white cheese,277.94
2027-04-01,stored full creme white cheese,284.55
2027-05-01,stored full creme white cheese,291.22
2027-06-01,stored full creme white cheese,303.74
2027-07-01,stored full creme white cheese,316.13
2027-08-01,stored full creme white cheese,320.24
2027-09-01,stored full creme white cheese,324.6
2027-10-01,stored full creme white cheese,330.35
2027-11-01,stored full creme white cheese,334.9
2027-12-01,stored full creme white cheese,340.0
2028-01-01,stored full creme white cheese,326.99
2028-02-01,stored full creme white cheese,327.64
2028-03-01,stored full creme white cheese,329.68
2028-04-01,stored full creme white cheese,335.78
2028-05-01,stored full creme white cheese,343.72
2028-06-01,stored full creme white cheese,360.87
2028-07-01,stored full creme white cheese,365.16
2028-08-01,stored full creme white cheese,369.29
2028-09-01,stored full creme white cheese,375.45
2028-10-01,stored full creme white cheese,381.19
2028-11-01,stored full creme white cheese,386.43
2028-12-01,stored full creme white cheese,392.33
2026-04-01,sunflower oil,101.15
2026-05-01,sunflower oil,102.36
2026-06-01,sunflower oil,103.85
2026-07-01,sunflower oil,106.24
2026-08-01,sunflower oil,110.03
2026-09-01,sunflower oil,113.08
2026-10-01,sunflower oil,114.7
2026-11-01,sunflower oil,117.36
2026-12-01,sunflower oil,121.14
2027-01-01,sunflower oil,134.58
2027-02-01,sunflower oil,142.91
2027-03-01,sunflower oil,141.25
2027-04-01,sunflower oil,149.96
2027-05-01,sunflower oil,162.9
2027-06-01,sunflower oil,180.4
2027-07-01,sunflower oil,204.48
2027-08-01,sunflower oil,230.75
2027-09-01,sunflower oil,263.04
2027-10-01,sunflower oil,312.53
2027-11-01,sunflower oil,322.68
2027-12-01,sunflower oil,327.48
2028-01-01,sunflower oil,313.08
2028-02-01,sunflower oil,306.74
2028-03-01,sunflower oil,309.06
2028-04-01,sunflower oil,322.36
2028-05-01,sunflower oil,331.0
2028-06-01,sunflower oil,348.54
2028-07-01,sunflower oil,352.84
2028-08-01,sunflower oil,356.63
2028-09-01,sunflower oil,360.9
2028-10-01,sunflower oil,367.36
2028-11-01,sunflower oil,372.34
2028-12-01,sunflower oil,377.87
2026-04-01,tilapia fish,93.83
2026-05-01,tilapia fish,94.95
2026-06-01,tilapia fish,96.09
2026-07-01,tilapia fish,97.25
2026-08-01,tilapia fish,98.41
2026-09-01,tilapia fish,99.59
2026-10-01,tilapia fish,100.79
2026-11-01,tilapia fish,102.0
2026-12-01,tilapia fish,107.69
2027-01-01,tilapia fish,113.79
2027-02-01,tilapia fish,116.82
2027-03-01,tilapia fish,115.11
2027-04-01,tilapia fish,118.58
2027-05-01,tilapia fish,125.69
2027-06-01,tilapia fish,135.53
2027-07-01,tilapia fish,146.72
2027-08-01,tilapia fish,158.21
2027-09-01,tilapia fish,174.77
2027-10-01,tilapia fish,198.68
2027-11-01,tilapia fish,240.72
2027-12-01,tilapia fish,276.05
2028-01-01,tilapia fish,309.97
2028-02-01,tilapia fish,309.44
2028-03-01,tilapia fish,312.14
2028-04-01,tilapia fish,325.15
2028-05-01,tilapia fish,333.48
2028-06-01,tilapia fish,350.58
2028-07-01,tilapia fish,354.58
2028-08-01,tilapia fish,358.31
2028-09-01,tilapia fish,362.87
2028-10-01,tilapia fish,368.44
2028-11-01,tilapia fish,373.3
2028-12-01,tilapia fish,379.36
2026-04-01,tomato,12.75
2026-05-01,tomato,12.9
2026-06-01,tomato,13.05
2026-07-01,tomato,13.21
2026-08-01,tomato,13.64
2026-09-01,tomato,15.62
2026-10-01,tomato,15.39
2026-11-01,tomato,14.98
2026-12-01,tomato,15.21
2027-01-01,tomato,14.9
2027-02-01,tomato,14.78
2027-03-01,tomato,14.75
2027-04-01,tomato,15.19
2027-05-01,tomato,15.8
2027-06-01,tomato,16.94
2027-07-01,tomato,19.48
2027-08-01,tomato,21.23
2027-09-01,tomato,23.86
2027-10-01,tomato,27.15
2027-11-01,tomato,29.07
2027-12-01,tomato,31.55
2028-01-01,tomato,33.73
2028-02-01,tomato,36.58
2028-03-01,tomato,39.73
2028-04-01,tomato,44.27
2028-05-01,tomato,48.57
2028-06-01,tomato,57.61
2028-07-01,tomato,64.06
2028-08-01,tomato,74.95
2028-09-01,tomato,88.62
2028-10-01,tomato,100.24
2028-11-01,tomato,116.12
2028-12-01,tomato,136.19
2026-04-01,unpacked buffalo butter,301.5
2026-05-01,unpacked buffalo butter,305.12
2026-06-01,unpacked buffalo butter,308.78
2026-07-01,unpacked buffalo butter,312.48
2026-08-01,unpacked buffalo butter,316.23
2026-09-01,unpacked buffalo butter,320.03
2026-10-01,unpacked buffalo butter,323.87
2026-11-01,unpacked buffalo butter,327.75
2026-12-01,unpacked buffalo butter,331.69
2027-01-01,unpacked buffalo butter,335.67
2027-02-01,unpacked buffalo butter,339.69
2027-03-01,unpacked buffalo butter,343.77
2027-04-01,unpacked buffalo butter,347.9
2027-05-01,unpacked buffalo butter,352.07
2027-06-01,unpacked buffalo butter,356.3
2027-07-01,unpacked buffalo butter,360.57
2027-08-01,unpacked buffalo butter,364.9
2027-09-01,unpacked buffalo butter,369.28
2027-10-01,unpacked buffalo butter,373.71
2027-11-01,unpacked buffalo butter,378.19
2027-12-01,unpacked buffalo butter,382.73
2028-01-01,unpacked buffalo butter,387.32
2028-02-01,unpacked buffalo butter,391.97
2028-03-01,unpacked buffalo butter,396.68
2028-04-01,unpacked buffalo butter,401.44
2028-05-01,unpacked buffalo butter,406.25
2028-06-01,unpacked buffalo butter,411.13
2028-07-01,unpacked buffalo butter,416.06
2028-08-01,unpacked buffalo butter,421.05
2028-09-01,unpacked buffalo butter,426.11
2028-10-01,unpacked buffalo butter,431.22
2028-11-01,unpacked buffalo butter,436.4
2028-12-01,unpacked buffalo butter,441.63
2026-04-01,unpacked halva,135.59
2026-05-01,unpacked halva,137.22
2026-06-01,unpacked halva,138.86
2026-07-01,unpacked halva,140.53
2026-08-01,unpacked halva,142.22
2026-09-01,unpacked halva,143.92
2026-10-01,unpacked halva,146.48
2026-11-01,unpacked halva,150.15
2026-12-01,unpacked halva,160.19
2027-01-01,unpacked halva,168.82
2027-02-01,unpacked halva,177.87
2027-03-01,unpacked halva,185.77
2027-04-01,unpacked halva,200.4
2027-05-01,unpacked halva,227.65
2027-06-01,unpacked halva,257.4
2027-07-01,unpacked halva,304.13
2027-08-01,unpacked halva,312.2
2027-09-01,unpacked halva,314.94
2027-10-01,unpacked halva,321.56
2027-11-01,unpacked halva,325.85
2027-12-01,unpacked halva,330.64
2028-01-01,unpacked halva,316.15
2028-02-01,unpacked halva,309.47
2028-03-01,unpacked halva,311.16
2028-04-01,unpacked halva,325.23
2028-05-01,unpacked halva,334.35
2028-06-01,unpacked halva,352.07
2028-07-01,unpacked halva,356.4
2028-08-01,unpacked halva,360.25
2028-09-01,unpacked halva,364.53
2028-10-01,unpacked halva,371.05
2028-11-01,unpacked halva,376.0
2028-12-01,unpacked halva,381.52
2026-04-01,unpacked imported cattle's butter,415.38
2026-05-01,unpacked imported cattle's butter,420.36
2026-06-01,unpacked imported cattle's butter,425.41
2026-07-01,unpacked imported cattle's butter,430.51
2026-08-01,unpacked imported cattle's butter,435.68
2026-09-01,unpacked imported cattle's butter,440.91
2026-10-01,unpacked imported cattle's butter,446.2
2026-11-01,unpacked imported cattle's butter,451.55
2026-12-01,unpacked imported cattle's butter,456.97
2027-01-01,unpacked imported cattle's butter,462.46
2027-02-01,unpacked imported cattle's butter,468.0
2027-03-01,unpacked imported cattle's butter,473.62
2027-04-01,unpacked imported cattle's butter,479.3
2027-05-01,unpacked imported cattle's butter,485.06
2027-06-01,unpacked imported cattle's butter,490.88
2027-07-01,unpacked imported cattle's butter,496.77
2027-08-01,unpacked imported cattle's butter,502.73
2027-09-01,unpacked imported cattle's butter,508.76
2027-10-01,unpacked imported cattle's butter,514.87
2027-11-01,unpacked imported cattle's butter,521.04
2027-12-01,unpacked imported cattle's butter,527.3
2028-01-01,unpacked imported cattle's butter,533.62
2028-02-01,unpacked imported cattle's butter,540.03
2028-03-01,unpacked imported cattle's butter,546.51
2028-04-01,unpacked imported cattle's butter,553.07
2028-05-01,unpacked imported cattle's butter,559.7
2028-06-01,unpacked imported cattle's butter,566.42
2028-07-01,unpacked imported cattle's butter,573.22
2028-08-01,unpacked imported cattle's butter,580.1
2028-09-01,unpacked imported cattle's butter,587.06
2028-10-01,unpacked imported cattle's butter,594.1
2028-11-01,unpacked imported cattle's butter,601.23
2028-12-01,unpacked imported cattle's butter,608.45
2026-04-01,unpacked molasses,51.3
2026-05-01,unpacked molasses,53.12
2026-06-01,unpacked molasses,56.69
2026-07-01,unpacked molasses,61.21
2026-08-01,unpacked molasses,67.73
2026-09-01,unpacked molasses,74.9
2026-10-01,unpacked molasses,84.09
2026-11-01,unpacked molasses,93.57
2026-12-01,unpacked molasses,104.16
2027-01-01,unpacked molasses,114.33
2027-02-01,unpacked molasses,118.46
2027-03-01,unpacked molasses,119.58
2027-04-01,unpacked molasses,124.79
2027-05-01,unpacked molasses,138.17
2027-06-01,unpacked molasses,151.82
2027-07-01,unpacked molasses,167.3
2027-08-01,unpacked molasses,185.99
2027-09-01,unpacked molasses,208.72
2027-10-01,unpacked molasses,238.54
2027-11-01,unpacked molasses,272.09
2027-12-01,unpacked molasses,320.55
2028-01-01,unpacked molasses,309.42
2028-02-01,unpacked molasses,302.79
2028-03-01,unpacked molasses,304.3
2028-04-01,unpacked molasses,318.35
2028-05-01,unpacked molasses,327.3
2028-06-01,unpacked molasses,344.46
2028-07-01,unpacked molasses,348.71
2028-08-01,unpacked molasses,352.48
2028-09-01,unpacked molasses,356.75
2028-10-01,unpacked molasses,363.15
2028-11-01,unpacked molasses,367.99
2028-12-01,unpacked molasses,373.37
2026-04-01,unpacked pasta,29.12
2026-05-01,unpacked pasta,29.63
2026-06-01,unpacked pasta,29.93
2026-07-01,unpacked pasta,30.7
2026-08-01,unpacked pasta,33.73
2026-09-01,unpacked pasta,37.22
2026-10-01,unpacked pasta,41.32
2026-11-01,unpacked pasta,47.83
2026-12-01,unpacked pasta,57.57
2027-01-01,unpacked pasta,67.19
2027-02-01,unpacked pasta,78.67
2027-03-01,unpacked pasta,85.91
2027-04-01,unpacked pasta,96.59
2027-05-01,unpacked pasta,109.62
2027-06-01,unpacked pasta,123.04
2027-07-01,unpacked pasta,141.97
2027-08-01,unpacked pasta,158.15
2027-09-01,unpacked pasta,176.02
2027-10-01,unpacked pasta,200.14
2027-11-01,unpacked pasta,242.03
2027-12-01,unpacked pasta,276.47
2028-01-01,unpacked pasta,306.91
2028-02-01,unpacked pasta,302.79
2028-03-01,unpacked pasta,304.3
2028-04-01,unpacked pasta,318.35
2028-05-01,unpacked pasta,327.3
2028-06-01,unpacked pasta,344.45
2028-07-01,unpacked pasta,348.7
2028-08-01,unpacked pasta,352.46
2028-09-01,unpacked pasta,356.73
2028-10-01,unpacked pasta,363.13
2028-11-01,unpacked pasta,367.97
2028-12-01,unpacked pasta,373.36
2026-04-01,unpacked rice,28.75
2026-05-01,unpacked rice,29.09
2026-06-01,unpacked rice,29.44
2026-07-01,unpacked rice,30.72
2026-08-01,unpacked rice,33.75
2026-09-01,unpacked rice,37.23
2026-10-01,unpacked rice,41.33
2026-11-01,unpacked rice,47.84
2026-12-01,unpacked rice,57.58
2027-01-01,unpacked rice,67.2
2027-02-01,unpacked rice,78.68
2027-03-01,unpacked rice,85.93
2027-04-01,unpacked rice,96.62
2027-05-01,unpacked rice,109.65
2027-06-01,unpacked rice,123.07
2027-07-01,unpacked rice,142.0
2027-08-01,unpacked rice,158.17
2027-09-01,unpacked rice,176.03
2027-10-01,unpacked rice,200.15
2027-11-01,unpacked rice,242.04
2027-12-01,unpacked rice,276.48
2028-01-01,unpacked rice,306.92
2028-02-01,unpacked rice,302.79
2028-03-01,unpacked rice,304.3
2028-04-01,unpacked rice,318.35
2028-05-01,unpacked rice,327.3
2028-06-01,unpacked rice,344.45
2028-07-01,unpacked rice,348.7
2028-08-01,unpacked rice,352.46
2028-09-01,unpacked rice,356.73
2028-10-01,unpacked rice,363.13
2028-11-01,unpacked rice,367.97
2028-12-01,unpacked rice,373.36
2026-04-01,unpacked tahina,167.78
2026-05-01,unpacked tahina,169.79
2026-06-01,unpacked tahina,171.83
2026-07-01,unpacked tahina,173.89
2026-08-01,unpacked tahina,175.98
2026-09-01,unpacked tahina,178.09
2026-10-01,unpacked tahina,188.38
2026-11-01,unpacked tahina,191.98
2026-12-01,unpacked tahina,217.04
2027-01-01,unpacked tahina,225.75
2027-02-01,unpacked tahina,242.07
2027-03-01,unpacked tahina,231.4
2027-04-01,unpacked tahina,246.14
2027-05-01,unpacked tahina,254.8
2027-06-01,unpacked tahina,298.39
2027-07-01,unpacked tahina,302.9
2027-08-01,unpacked tahina,309.63
2027-09-01,unpacked tahina,312.41
2027-10-01,unpacked tahina,318.98
2027-11-01,unpacked tahina,323.22
2027-12-01,unpacked tahina,327.94
2028-01-01,unpacked tahina,313.85
2028-02-01,unpacked tahina,307.27
2028-03-01,unpacked tahina,308.84
2028-04-01,unpacked tahina,322.94
2028-05-01,unpacked tahina,331.95
2028-06-01,unpacked tahina,349.16
2028-07-01,unpacked tahina,353.47
2028-08-01,unpacked tahina,357.28
2028-09-01,unpacked tahina,361.61
2028-10-01,unpacked tahina,368.07
2028-11-01,unpacked tahina,372.96
2028-12-01,unpacked tahina,378.41
2026-04-01,unpacked wheat flour 72%,22.69
2026-05-01,unpacked wheat flour 72%,22.96
2026-06-01,unpacked wheat flour 72%,23.91
2026-07-01,unpacked wheat flour 72%,25.82
2026-08-01,unpacked wheat flour 72%,27.5
2026-09-01,unpacked wheat flour 72%,29.32
2026-10-01,unpacked wheat flour 72%,30.79
2026-11-01,unpacked wheat flour 72%,34.18
2026-12-01,unpacked wheat flour 72%,38.86
2027-01-01,unpacked wheat flour 72%,44.24
2027-02-01,unpacked wheat flour 72%,49.33
2027-03-01,unpacked wheat flour 72%,49.69
2027-04-01,unpacked wheat flour 72%,50.62
2027-05-01,unpacked wheat flour 72%,52.06
2027-06-01,unpacked wheat flour 72%,52.33
2027-07-01,unpacked wheat flour 72%,54.64
2027-08-01,unpacked wheat flour 72%,58.24
2027-09-01,unpacked wheat flour 72%,60.73
2027-10-01,unpacked wheat flour 72%,68.33
2027-11-01,unpacked wheat flour 72%,73.89
2027-12-01,unpacked wheat flour 72%,82.24
2028-01-01,unpacked wheat flour 72%,89.75
2028-02-01,unpacked wheat flour 72%,91.58
2028-03-01,unpacked wheat flour 72%,92.57
2028-04-01,unpacked wheat flour 72%,98.51
2028-05-01,unpacked wheat flour 72%,102.21
2028-06-01,unpacked wheat flour 72%,108.74
2028-07-01,unpacked wheat flour 72%,112.76
2028-08-01,unpacked wheat flour 72%,114.42
2028-09-01,unpacked wheat flour 72%,117.21
2028-10-01,unpacked wheat flour 72%,121.12
2028-11-01,unpacked wheat flour 72%,143.09
2028-12-01,unpacked wheat flour 72%,184.48
2026-04-01,white chicken,143.76
2026-05-01,white chicken,166.94
2026-06-01,white chicken,193.42
2026-07-01,white chicken,235.04
2026-08-01,white chicken,264.05
2026-09-01,white chicken,305.97
2026-10-01,white chicken,317.47
2026-11-01,white chicken,322.14
2026-12-01,white chicken,326.74
2027-01-01,white chicken,309.23
2027-02-01,white chicken,312.12
2027-03-01,white chicken,309.02
2027-04-01,white chicken,324.21
2027-05-01,white chicken,334.31
2027-06-01,white chicken,348.36
2027-07-01,white chicken,352.79
2027-08-01,white chicken,356.74
2027-09-01,white chicken,360.38
2027-10-01,white chicken,367.13
2027-11-01,white chicken,371.76
2027-12-01,white chicken,377.48
2028-01-01,white chicken,355.51
2028-02-01,white chicken,349.9
2028-03-01,white chicken,358.07
2028-04-01,white chicken,374.93
2028-05-01,white chicken,385.21
2028-06-01,white chicken,402.35
2028-07-01,white chicken,407.08
2028-08-01,white chicken,411.59
2028-09-01,white chicken,416.78
2028-10-01,white chicken,423.63
2028-11-01,white chicken,428.97
2028-12-01,white chicken,435.57
2026-04-01,yellow carrot,16.67
2026-05-01,yellow carrot,16.87
2026-06-01,yellow carrot,17.32
2026-07-01,yellow carrot,18.49
2026-08-01,yellow carrot,19.1
2026-09-01,yellow carrot,19.89
2026-10-01,yellow carrot,19.5
2026-11-01,yellow carrot,19.24
2026-12-01,yellow carrot,19.9
2027-01-01,yellow carrot,19.47
2027-02-01,yellow carrot,19.78
2027-03-01,yellow carrot,20.03
2027-04-01,yellow carrot,20.27
2027-05-01,yellow carrot,20.57
2027-06-01,yellow carrot,21.18
2027-07-01,yellow carrot,22.85
2027-08-01,yellow carrot,25.32
2027-09-01,yellow carrot,28.5
2027-10-01,yellow carrot,29.54
2027-11-01,yellow carrot,30.67
2027-12-01,yellow carrot,33.98
2028-01-01,yellow carrot,36.59
2028-02-01,yellow carrot,39.24
2028-03-01,yellow carrot,41.43
2028-04-01,yellow carrot,44.55
2028-05-01,yellow carrot,46.94
2028-06-01,yellow carrot,48.79
2028-07-01,yellow carrot,50.0
2028-08-01,yellow carrot,50.76
2028-09-01,yellow carrot,52.36
2028-10-01,yellow carrot,53.97
2028-11-01,yellow carrot,56.79
2028-12-01,yellow carrot,60.57
2026-04-01,young age buffalo with bones,402.58
2026-05-01,young age buffalo with bones,407.41
2026-06-01,young age buffalo with bones,412.3
2026-07-01,young age buffalo with bones,417.25
2026-08-01,young age buffalo with bones,422.25
2026-09-01,young age buffalo with bones,427.32
2026-10-01,young age buffalo with bones,432.45
2026-11-01,young age buffalo with bones,437.64
2026-12-01,young age buffalo with bones,442.89
2027-01-01,young age buffalo with bones,448.2
2027-02-01,young age buffalo with bones,453.58
2027-03-01,young age buffalo with bones,459.03
2027-04-01,young age buffalo with bones,464.53
2027-05-01,young age buffalo with bones,470.11
2027-06-01,young age buffalo with bones,475.75
2027-07-01,young age buffalo with bones,481.46
2027-08-01,young age buffalo with bones,487.24
2027-09-01,young age buffalo with bones,493.08
2027-10-01,young age buffalo with bones,499.0
2027-11-01,young age buffalo with bones,504.99
2027-12-01,young age buffalo with bones,511.05
2028-01-01,young age buffalo with bones,517.18
2028-02-01,young age buffalo with bones,523.39
2028-03-01,young age buffalo with bones,529.67
2028-04-01,young age buffalo with bones,536.02
2028-05-01,young age buffalo with bones,542.46
2028-06-01,young age buffalo with bones,548.97
2028-07-01,young age buffalo with bones,555.55
2028-08-01,young age buffalo with bones,562.22
2028-09-01,young age buffalo with bones,568.97
2028-10-01,young age buffalo with bones,575.79
2028-11-01,young age buffalo with bones,582.7
2028-12-01,young age buffalo with bones,589.7
